Period,Dosage_per_1000,Impact_per_1000,Prescriptions_per_1000,Drugs_count,Total_cost_per_1000,Generic_cost_per_1000
201406,5416.619050531657,-inf,41.77692862422635,4249.2311102748845,404.1282143649337,290.32611019488536
